{"_step":4689,"train_loss":0.21550118923187256,"train_accuracy":0.9375,"_wandb":{"runtime":55},"_timestamp":1.7364177533611512e+09,"_runtime":55.6426443}